Id,OwnerID,Pending_Date__c
5002M00001LLe85,0052M00000AefocQAB,2021-11-03T00:00:00Z
5002M00001LLe86,0052M00000AefocQAB,2021-11-03T00:00:00Z
5002M00001LLeDI,0052M00000AefocQAB,2021-11-03T00:00:00Z
5002M00001LLeDJ,0052M00000AefocQAB,2021-11-03T00:00:00Z
5002M00001LLeDK,0052M00000AefocQAB,2021-11-03T00:00:00Z
5002M00001LLeDL,0052M00000AefocQAB,2021-11-03T00:00:00Z
5002M00001LLeDM,0052M00000AefocQAB,2021-11-03T00:00:00Z
5002M00001LLeDN,0052M00000AefocQAB,2021-11-03T00:00:00Z
5002M00001LLeDO,0052M00000AefocQAB,2021-11-03T00:00:00Z
5002M00001LLeDP,0052M00000AefocQAB,2021-11-03T00:00:00Z
5002M00001LLeDQ,0052M00000AefocQAB,2021-11-03T00:00:00Z
5002M00001LLeDR,0052M00000AefocQAB,2021-11-03T00:00:00Z
5002M00001LLeDS,0052M00000AefocQAB,2021-11-03T00:00:00Z
5002M00001LLeDT,0052M00000AefocQAB,2021-11-03T00:00:00Z
5002M00001LLeDU,0052M00000AefocQAB,2021-11-03T00:00:00Z
5002M00001LLeDV,0052M00000AefocQAB,2021-11-03T00:00:00Z
5002M00001LLeDW,0052M00000AefocQAB,2021-11-03T00:00:00Z
5002M00001LLeDX,0052M00000AefocQAB,2021-11-03T00:00:00Z
5002M00001LLeDY,0052M00000AefocQAB,2021-11-03T00:00:00Z
5002M00001LLeDZ,0052M00000AefocQAB,2021-11-03T00:00:00Z
5002M00001LLeDa,0052M00000AefocQAB,2021-11-03T00:00:00Z
5002M00001LLeDb,0052M00000AefocQAB,2021-11-03T00:00:00Z
5002M00001LLeDc,0052M00000AefocQAB,2021-11-03T00:00:00Z
5002M00001LLeDd,0052M00000AefocQAB,2021-11-03T00:00:00Z
5002M00001LLeDh,0052M00000AefocQAB,2021-11-03T00:00:00Z
5002M00001LLeDi,0052M00000AefocQAB,2021-11-03T00:00:00Z
5002M00001LLeDj,0052M00000AefocQAB,2021-11-03T00:00:00Z
5002M00001LLeDk,0052M00000AefocQAB,2021-11-03T00:00:00Z
5002M00001LLeDl,0052M00000AefocQAB,2021-11-03T00:00:00Z
5002M00001LLeDm,0052M00000AefocQAB,2021-11-03T00:00:00Z
5002M00001LLeDn,0052M00000AefocQAB,2021-11-03T00:00:00Z
5002M00001LLeDo,0052M00000AefocQAB,2021-11-03T00:00:00Z
5002M00001LLeDp,0052M00000AefocQAB,2021-11-03T00:00:00Z
5002M00001LLeDq,0052M00000AefocQAB,2021-11-03T00:00:00Z
5002M00001LLeDr,0052M00000AefocQAB,2021-11-03T00:00:00Z
5002M00001LLeDs,0052M00000AefocQAB,2021-11-03T00:00:00Z
5002M00001LLeDt,0052M00000AefocQAB,2021-11-03T00:00:00Z
5002M00001LLeDu,0052M00000AefocQAB,2021-11-03T00:00:00Z
5002M00001LLeDv,0052M00000AefocQAB,2021-11-03T00:00:00Z
5002M00001LLeDw,0052M00000AefocQAB,2021-11-03T00:00:00Z
5002M00001LLeDx,0052M00000AefocQAB,2021-11-03T00:00:00Z
5002M00001LLeDy,0052M00000AefocQAB,2021-11-03T00:00:00Z
5002M00001LLeDz,0052M00000AefocQAB,2021-11-03T00:00:00Z
5002M00001LLeE0,0052M00000AefocQAB,2021-11-03T00:00:00Z
5002M00001LLeE1,0052M00000AefocQAB,2021-11-03T00:00:00Z
5002M00001LLeE2,0052M00000AefocQAB,2021-11-03T00:00:00Z
5002M00001LLeE3,0052M00000AefocQAB,2021-11-03T00:00:00Z
5002M00001LLeE4,0052M00000AefocQAB,2021-11-03T00:00:00Z
5002M00001LLeE5,0052M00000AefocQAB,2021-11-03T00:00:00Z
5002M00001LLeEa,0052M00000AefocQAB,2021-11-03T00:00:00Z
5002M00001LLeEb,0052M00000AefocQAB,2021-11-03T00:00:00Z
5002M00001LLeEc,0052M00000AefocQAB,2021-11-03T00:00:00Z
5002M00001LLeEd,0052M00000AefocQAB,2021-11-03T00:00:00Z
5002M00001LLeEe,0052M00000AefocQAB,2021-11-03T00:00:00Z
5002M00001LLeEf,0052M00000AefocQAB,2021-11-03T00:00:00Z
5002M00001LLeEg,0052M00000AefocQAB,2021-11-03T00:00:00Z
5002M00001LLeEh,0052M00000AefocQAB,2021-11-03T00:00:00Z
5002M00001LLeEi,0052M00000AefocQAB,2021-11-03T00:00:00Z
5002M00001LLeEj,0052M00000AefocQAB,2021-11-03T00:00:00Z
5002M00001LLeEk,0052M00000AefocQAB,2021-11-03T00:00:00Z
5002M00001LLeEl,0052M00000AefocQAB,2021-11-03T00:00:00Z
5002M00001LLeEm,0052M00000AefocQAB,2021-11-03T00:00:00Z
5002M00001LLeEn,0052M00000AefocQAB,2021-11-03T00:00:00Z
5002M00001LLeEo,0052M00000AefocQAB,2021-11-03T00:00:00Z
5002M00001LLeEp,0052M00000AefocQAB,2021-11-03T00:00:00Z
5002M00001LLeEq,0052M00000AefocQAB,2021-11-03T00:00:00Z
5002M00001LLeEr,0052M00000AefocQAB,2021-11-03T00:00:00Z
5002M00001LLeEs,0052M00000AefocQAB,2021-11-03T00:00:00Z
5002M00001LLeEt,0052M00000AefocQAB,2021-11-03T00:00:00Z
5002M00001LLeEu,0052M00000AefocQAB,2021-11-03T00:00:00Z
5002M00001LLeEv,0052M00000AefocQAB,2021-11-03T00:00:00Z
5002M00001LLeEw,0052M00000AefocQAB,2021-11-03T00:00:00Z
5002M00001LLeEx,0052M00000AefocQAB,2021-11-03T00:00:00Z
5002M00001LLeEy,0052M00000AefocQAB,2021-11-03T00:00:00Z
5002M00001LLeF9,0052M00000AefocQAB,2021-11-03T00:00:00Z
5002M00001LLeFA,0052M00000AefocQAB,2021-11-03T00:00:00Z
5002M00001LLeFB,0052M00000AefocQAB,2021-11-03T00:00:00Z
5002M00001LLeFC,0052M00000AefocQAB,2021-11-03T00:00:00Z
5002M00001LLeFD,0052M00000AefocQAB,2021-11-03T00:00:00Z
5002M00001LLeFE,0052M00000AefocQAB,2021-11-03T00:00:00Z
5002M00001LLeFF,0052M00000AefocQAB,2021-11-03T00:00:00Z
5002M00001LLeFG,0052M00000AefocQAB,2021-11-03T00:00:00Z
5002M00001LLeFH,0052M00000AefocQAB,2021-11-03T00:00:00Z
5002M00001LLeFI,0052M00000AefocQAB,2021-11-03T00:00:00Z
5002M00001LLeFJ,0052M00000AefocQAB,2021-11-03T00:00:00Z
5002M00001LLeFK,0052M00000AefocQAB,2021-11-03T00:00:00Z
5002M00001LLeFL,0052M00000AefocQAB,2021-11-03T00:00:00Z
5002M00001LLeFM,0052M00000AefocQAB,2021-11-03T00:00:00Z
5002M00001LLeFN,0052M00000AefocQAB,2021-11-03T00:00:00Z
5002M00001LLeFO,0052M00000AefocQAB,2021-11-03T00:00:00Z
5002M00001LLeFP,0052M00000AefocQAB,2021-11-03T00:00:00Z
5002M00001LLeFQ,0052M00000AefocQAB,2021-11-03T00:00:00Z
5002M00001LLeFR,0052M00000AefocQAB,2021-11-03T00:00:00Z
5002M00001LLeFS,0052M00000AefocQAB,2021-11-03T00:00:00Z
5002M00001LLeFT,0052M00000AefocQAB,2021-11-03T00:00:00Z
5002M00001LLeFU,0052M00000AefocQAB,2021-11-03T00:00:00Z
5002M00001LLeFV,0052M00000AefocQAB,2021-11-03T00:00:00Z
5002M00001LLeFW,0052M00000AefocQAB,2021-11-03T00:00:00Z
5002M00001LLeFX,0052M00000AefocQAB,2021-11-03T00:00:00Z
5002M00001LLeFd,0052M00000AefocQAB,2021-11-03T00:00:00Z
5002M00001LLeFe,0052M00000AefocQAB,2021-11-03T00:00:00Z
5002M00001LLeFf,0052M00000AefocQAB,2021-11-03T00:00:00Z
5002M00001LLeFg,0052M00000AefocQAB,2021-11-03T00:00:00Z
5002M00001LLeFh,0052M00000AefocQAB,2021-11-03T00:00:00Z
5002M00001LLeFi,0052M00000AefocQAB,2021-11-03T00:00:00Z
5002M00001LLeFj,0052M00000AefocQAB,2021-11-03T00:00:00Z
5002M00001LLeFk,0052M00000AefocQAB,2021-11-03T00:00:00Z
5002M00001LLeFl,0052M00000AefocQAB,2021-11-03T00:00:00Z
5002M00001LLeFm,0052M00000AefocQAB,2021-11-03T00:00:00Z
5002M00001LLeFn,0052M00000AefocQAB,2021-11-03T00:00:00Z
5002M00001LLeFo,0052M00000AefocQAB,2021-11-03T00:00:00Z
5002M00001LLeFp,0052M00000AefocQAB,2021-11-03T00:00:00Z
5002M00001LLeFq,0052M00000AefocQAB,2021-11-03T00:00:00Z
5002M00001LLeFr,0052M00000AefocQAB,2021-11-03T00:00:00Z
5002M00001LLeFs,0052M00000AefocQAB,2021-11-03T00:00:00Z
5002M00001LLeFt,0052M00000AefocQAB,2021-11-03T00:00:00Z
5002M00001LLeFu,0052M00000AefocQAB,2021-11-03T00:00:00Z
5002M00001LLeFv,0052M00000AefocQAB,2021-11-03T00:00:00Z
5002M00001LLeFw,0052M00000AefocQAB,2021-11-03T00:00:00Z
5002M00001LLeFx,0052M00000AefocQAB,2021-11-03T00:00:00Z
5002M00001LLeFy,0052M00000AefocQAB,2021-11-03T00:00:00Z
5002M00001LLeFz,0052M00000AefocQAB,2021-11-03T00:00:00Z
5002M00001LLeG0,0052M00000AefocQAB,2021-11-03T00:00:00Z
5002M00001LLeG1,0052M00000AefocQAB,2021-11-03T00:00:00Z
5002M00001LLeGC,0052M00000AefocQAB,2021-11-03T00:00:00Z
5002M00001LLeGD,0052M00000AefocQAB,2021-11-03T00:00:00Z
5002M00001LLeGE,0052M00000AefocQAB,2021-11-03T00:00:00Z
5002M00001LLeGF,0052M00000AefocQAB,2021-11-03T00:00:00Z
5002M00001LLeGG,0052M00000AefocQAB,2021-11-03T00:00:00Z
5002M00001LLeGH,0052M00000AefocQAB,2021-11-03T00:00:00Z
5002M00001LLeGI,0052M00000AefocQAB,2021-11-03T00:00:00Z
5002M00001LLeGJ,0052M00000AefocQAB,2021-11-03T00:00:00Z
5002M00001LLeGK,0052M00000AefocQAB,2021-11-03T00:00:00Z
5002M00001LLeGL,0052M00000AefocQAB,2021-11-03T00:00:00Z
5002M00001LLeGM,0052M00000AefocQAB,2021-11-03T00:00:00Z
5002M00001LLeGN,0052M00000AefocQAB,2021-11-03T00:00:00Z
5002M00001LLeGO,0052M00000AefocQAB,2021-11-03T00:00:00Z
5002M00001LLeGP,0052M00000AefocQAB,2021-11-03T00:00:00Z
5002M00001LLeGQ,0052M00000AefocQAB,2021-11-03T00:00:00Z
5002M00001LLeGR,0052M00000AefocQAB,2021-11-03T00:00:00Z
5002M00001LLeGS,0052M00000AefocQAB,2021-11-03T00:00:00Z
5002M00001LLeGT,0052M00000AefocQAB,2021-11-03T00:00:00Z
5002M00001LLeGU,0052M00000AefocQAB,2021-11-03T00:00:00Z
5002M00001LLeGV,0052M00000AefocQAB,2021-11-03T00:00:00Z
5002M00001LLeGW,0052M00000AefocQAB,2021-11-03T00:00:00Z
5002M00001LLeGX,0052M00000AefocQAB,2021-11-03T00:00:00Z
5002M00001LLeGY,0052M00000AefocQAB,2021-11-03T00:00:00Z
5002M00001LLeGZ,0052M00000AefocQAB,2021-11-03T00:00:00Z
5002M00001LLeGa,0052M00000AefocQAB,2021-11-03T00:00:00Z
5002M00001LLeGl,0052M00000AefocQAB,2021-11-03T00:00:00Z
5002M00001LLeGm,0052M00000AefocQAB,2021-11-03T00:00:00Z
5002M00001LLeGn,0052M00000AefocQAB,2021-11-03T00:00:00Z
5002M00001LLeGo,0052M00000AefocQAB,2021-11-03T00:00:00Z
5002M00001LLeGp,0052M00000AefocQAB,2021-11-03T00:00:00Z
5002M00001LLeGq,0052M00000AefocQAB,2021-11-03T00:00:00Z
5002M00001LLeGr,0052M00000AefocQAB,2021-11-03T00:00:00Z
5002M00001LLeGs,0052M00000AefocQAB,2021-11-03T00:00:00Z
5002M00001LLeGt,0052M00000AefocQAB,2021-11-03T00:00:00Z
5002M00001LLeGu,0052M00000AefocQAB,2021-11-03T00:00:00Z
5002M00001LLeGv,0052M00000AefocQAB,2021-11-03T00:00:00Z
5002M00001LLeGw,0052M00000AefocQAB,2021-11-03T00:00:00Z
5002M00001LLeGx,0052M00000AefocQAB,2021-11-03T00:00:00Z
5002M00001LLeGy,0052M00000AefocQAB,2021-11-03T00:00:00Z
5002M00001LLeGz,0052M00000AefocQAB,2021-11-03T00:00:00Z
5002M00001LLeH0,0052M00000AefocQAB,2021-11-03T00:00:00Z
5002M00001LLeH1,0052M00000AefocQAB,2021-11-03T00:00:00Z
5002M00001LLeH2,0052M00000AefocQAB,2021-11-03T00:00:00Z
5002M00001LLeH3,0052M00000AefocQAB,2021-11-03T00:00:00Z
5002M00001LLeH4,0052M00000AefocQAB,2021-11-03T00:00:00Z
5002M00001LLeH5,0052M00000AefocQAB,2021-11-03T00:00:00Z
5002M00001LLeH6,0052M00000AefocQAB,2021-11-03T00:00:00Z
5002M00001LLeH7,0052M00000AefocQAB,2021-11-03T00:00:00Z
5002M00001LLeH8,0052M00000AefocQAB,2021-11-03T00:00:00Z
5002M00001LLeH9,0052M00000AefocQAB,2021-11-03T00:00:00Z
5002M00001LLeHK,0052M00000AefocQAB,2021-11-03T00:00:00Z
5002M00001LLeHL,0052M00000AefocQAB,2021-11-03T00:00:00Z
5002M00001LLeHM,0052M00000AefocQAB,2021-11-03T00:00:00Z
5002M00001LLeHN,0052M00000AefocQAB,2021-11-03T00:00:00Z
5002M00001LLeHO,0052M00000AefocQAB,2021-11-03T00:00:00Z
5002M00001LLeHP,0052M00000AefocQAB,2021-11-03T00:00:00Z
5002M00001LLeHQ,0052M00000AefocQAB,2021-11-03T00:00:00Z
5002M00001LLeHR,0052M00000AefocQAB,2021-11-03T00:00:00Z
5002M00001LLeHS,0052M00000AefocQAB,2021-11-03T00:00:00Z
5002M00001LLeHT,0052M00000AefocQAB,2021-11-03T00:00:00Z
5002M00001LLeHU,0052M00000AefocQAB,2021-11-03T00:00:00Z
5002M00001LLeHV,0052M00000AefocQAB,2021-11-03T00:00:00Z
5002M00001LLeHW,0052M00000AefocQAB,2021-11-03T00:00:00Z
5002M00001LLeHX,0052M00000AefocQAB,2021-11-03T00:00:00Z
5002M00001LLeHY,0052M00000AefocQAB,2021-11-03T00:00:00Z
5002M00001LLeHZ,0052M00000AefocQAB,2021-11-03T00:00:00Z
5002M00001LLeHa,0052M00000AefocQAB,2021-11-03T00:00:00Z
5002M00001LLeHb,0052M00000AefocQAB,2021-11-03T00:00:00Z
5002M00001LLeHc,0052M00000AefocQAB,2021-11-03T00:00:00Z
5002M00001LLeHd,0052M00000AefocQAB,2021-11-03T00:00:00Z
5002M00001LLeHe,0052M00000AefocQAB,2021-11-03T00:00:00Z
5002M00001LLeHf,0052M00000AefocQAB,2021-11-03T00:00:00Z
5002M00001LLeHg,0052M00000AefocQAB,2021-11-03T00:00:00Z
5002M00001LLeHh,0052M00000AefocQAB,2021-11-03T00:00:00Z
5002M00001LLeHi,0052M00000AefocQAB,2021-11-03T00:00:00Z
5002M00001LLeHt,0052M00000AefocQAB,2021-11-03T00:00:00Z
5002M00001LLeHu,0052M00000AefocQAB,2021-11-03T00:00:00Z
5002M00001LLeHv,0052M00000AefocQAB,2021-11-03T00:00:00Z
5002M00001LLeHw,0052M00000AefocQAB,2021-11-03T00:00:00Z
5002M00001LLeHx,0052M00000AefocQAB,2021-11-03T00:00:00Z
5002M00001LLeHy,0052M00000AefocQAB,2021-11-03T00:00:00Z
5002M00001LLeHz,0052M00000AefocQAB,2021-11-03T00:00:00Z
5002M00001LLeI0,0052M00000AefocQAB,2021-11-03T00:00:00Z
5002M00001LLeI1,0052M00000AefocQAB,2021-11-03T00:00:00Z
5002M00001LLeI2,0052M00000AefocQAB,2021-11-03T00:00:00Z
5002M00001LLeI3,0052M00000AefocQAB,2021-11-03T00:00:00Z
5002M00001LLeI4,0052M00000AefocQAB,2021-11-03T00:00:00Z
5002M00001LLeI5,0052M00000AefocQAB,2021-11-03T00:00:00Z
5002M00001LLeI6,0052M00000AefocQAB,2021-11-03T00:00:00Z
5002M00001LLeI7,0052M00000AefocQAB,2021-11-03T00:00:00Z
5002M00001LLeI8,0052M00000AefocQAB,2021-11-03T00:00:00Z
5002M00001LLeI9,0052M00000AefocQAB,2021-11-03T00:00:00Z
5002M00001LLeIA,0052M00000AefocQAB,2021-11-03T00:00:00Z
5002M00001LLeIB,0052M00000AefocQAB,2021-11-03T00:00:00Z
5002M00001LLeNv,0052M00000AefocQAB,2021-11-03T00:00:00Z
5002M00001LLeNw,0052M00000AefocQAB,2021-11-03T00:00:00Z
5002M00001LLeNx,0052M00000AefocQAB,2021-11-03T00:00:00Z
5002M00001LLeNy,0052M00000AefocQAB,2021-11-03T00:00:00Z
5002M00001LLeNz,0052M00000AefocQAB,2021-11-03T00:00:00Z
5002M00001LLeO0,0052M00000AefocQAB,2021-11-03T00:00:00Z
5002M00001LLeO1,0052M00000AefocQAB,2021-11-03T00:00:00Z
5002M00001LLeO2,0052M00000AefocQAB,2021-11-03T00:00:00Z
5002M00001LLeO3,0052M00000AefocQAB,2021-11-03T00:00:00Z
5002M00001LLeO4,0052M00000AefocQAB,2021-11-03T00:00:00Z
5002M00001LLeO5,0052M00000AefocQAB,2021-11-03T00:00:00Z
5002M00001LLeO6,0052M00000AefocQAB,2021-11-03T00:00:00Z
5002M00001LLeO7,0052M00000AefocQAB,2021-11-03T00:00:00Z
5002M00001LLeO8,0052M00000AefocQAB,2021-11-03T00:00:00Z
5002M00001LLeO9,0052M00000AefocQAB,2021-11-03T00:00:00Z
5002M00001LLeOA,0052M00000AefocQAB,2021-11-03T00:00:00Z
5002M00001LLeOB,0052M00000AefocQAB,2021-11-03T00:00:00Z
5002M00001LLeOC,0052M00000AefocQAB,2021-11-03T00:00:00Z
5002M00001LLeOD,0052M00000AefocQAB,2021-11-03T00:00:00Z
5002M00001LLeOE,0052M00000AefocQAB,2021-11-03T00:00:00Z
5002M00001LLeOF,0052M00000AefocQAB,2021-11-03T00:00:00Z
5002M00001LLeOG,0052M00000AefocQAB,2021-11-03T00:00:00Z
5002M00001LLeOH,0052M00000AefocQAB,2021-11-03T00:00:00Z
5002M00001LLeOI,0052M00000AefocQAB,2021-11-03T00:00:00Z
5002M00001LLeOJ,0052M00000AefocQAB,2021-11-03T00:00:00Z
